,lit
0, 
1, 
2, 
3, 
4, 
5, 
6, 
7, 
8, 
9, 
10, 
11, 
12, 
13, 
14, 
15, 
16, 
17, 
18, 
19, 
20, 
21, 
22, 
23, 
24, 
25, 
26, 
27, 
28, 
29, 
30, 
31, 
32, 
33, 
34, 
35, 
36, 
37, 
38, 
39, 
40, 
41, 
42, 
43, 
44, 
45, 
46, 
47, 
48, 
49, 
50,t
51,w
52,e
53,e
54,t
55,"
"
56,0
57, 
58, 
59, 
60, 
61, 
62,G
63,l
64,o
65,b
66,a
67,l
68, 
69,w
70,a
71,r
72,m
73,i
74,n
75,g
76, 
77,r
78,e
79,p
80,o
81,r
82,t
83, 
84,u
85,r
86,g
87,e
88,s
89, 
90,g
91,o
92,v
93,e
94,r
95,n
96,m
97,e
98,n
99,t
100,s
101, 
102,t
103,o
104, 
105,a
106,c
107,t
108,.
109,.
110,.
111,"
"
112,1
113, 
114, 
115, 
116, 
117, 
118,F
119,i
120,g
121,h
122,t
123,i
124,n
125,g
126, 
127,p
128,o
129,v
130,e
131,r
132,t
133,y
134, 
135,a
136,n
137,d
138, 
139,g
140,l
141,o
142,b
143,a
144,l
145, 
146,w
147,a
148,r
149,m
150,i
151,n
152,g
153, 
154,i
155,n
156, 
157,A
158,f
159,r
160,i
161,c
162,a
163, 
164,.
165,.
166,.
167,"
"
168,2
169, 
170, 
171, 
172, 
173, 
174,C
175,a
176,r
177,b
178,o
179,n
180, 
181,o
182,f
183,f
184,s
185,e
186,t
187,s
188,:
189, 
190,H
191,o
192,w
193, 
194,a
195, 
196,V
197,a
198,t
199,i
200,c
201,a
202,n
203, 
204,f
205,o
206,r
207,e
208,s
209,t
210, 
211,f
212,a
213,i
214,l
215,e
216,d
217, 
218,t
219,o
220,.
221,.
222,.
223,"
"
224,3
225, 
226, 
227, 
228, 
229, 
230,C
231,a
232,r
233,b
234,o
235,n
236, 
237,o
238,f
239,f
240,s
241,e
242,t
243,s
244,:
245, 
246,H
247,o
248,w
249, 
250,a
251, 
252,V
253,a
254,t
255,i
256,c
257,a
258,n
259, 
260,f
261,o
262,r
263,e
264,s
265,t
266, 
267,f
268,a
269,i
270,l
271,e
272,d
273, 
274,t
275,o
276,.
277,.
278,.
279,"
"
280,4
281, 
282, 
283, 
284, 
285, 
286,U
287,R
288,U
289,G
290,U
291,A
292,Y
293,:
294, 
295,T
296,o
297,o
298,l
299,s
300, 
301,N
302,e
303,e
304,d
305,e
306,d
307, 
308,f
309,o
310,r
311, 
312,T
313,h
314,o
315,s
316,e
317, 
318,M
319,o
320,s
321,t
322, 
323,V
324,u
325,l
326,n
327,e
328,r
329,a
330,b
331,l
332,.
333,.
334,.
335,"
"
336,.
337,.
338,.
339, 
340, 
341, 
342, 
343, 
344, 
345, 
346, 
347, 
348, 
349, 
350, 
351, 
352, 
353, 
354, 
355, 
356, 
357, 
358, 
359, 
360, 
361, 
362, 
363, 
364, 
365, 
366, 
367, 
368, 
369, 
370, 
371, 
372, 
373, 
374, 
375, 
376, 
377, 
378, 
379, 
380, 
381, 
382, 
383, 
384, 
385, 
386, 
387, 
388,.
389,.
390,.
391,"
"
392,6
393,0
394,8
395,5
396, 
397, 
398,@
399,b
400,l
401,o
402,o
403,d
404,l
405,e
406,s
407,s
408,_
409,c
410,o
411,u
412,p
413, 
414,""""
415,T
416,h
417,e
418, 
419,p
420,h
421,r
422,a
423,s
424,e
425, 
426,'
427,g
428,l
429,o
430,b
431,a
432,l
433, 
434,w
435,a
436,r
437,m
438,i
439,n
440,g
441,'
442, 
443,s
444,.
445,.
446,.
447,"
"
448,6
449,0
450,8
451,6
452, 
453, 
454,V
455,i
456,r
457,g
458,i
459,n
460,i
461,a
462, 
463,t
464,o
465, 
466,I
467,n
468,v
469,e
470,s
471,t
472,i
473,g
474,a
475,t
476,e
477, 
478,G
479,l
480,o
481,b
482,a
483,l
484, 
485,W
486,a
487,r
488,m
489,i
490,n
491,g
492, 
493,S
494,c
495,i
496,e
497,n
498,t
499,i
500,.
501,.
502,.
503,"
"
504,6
505,0
506,8
507,7
508, 
509, 
510,G
511,l
512,o
513,b
514,a
515,l
516, 
517,w
518,a
519,r
520,m
521,i
522,n
523,g
524, 
525,y
526,o
527,u
528, 
529,t
530,u
531,b
532,e
533, 
534,p
535,a
536,r
537,o
538,d
539,y
540, 
541,y
542,o
543,u
544, 
545,w
546,i
547,l
548,l
549, 
550,e
551,n
552,j
553,o
554,y
555, 
556,.
557,.
558,.
559,"
"
560,6
561,0
562,8
563,8
564, 
565, 
566,O
567,n
568,e
569,-
570,E
571,y
572,e
573,d
574, 
575,G
576,o
577,l
578,f
579,e
580,r
581,:
582, 
583,D
584,o
585,n
586,'
587,t
588, 
589,d
590,a
591,r
592,e
593, 
594,t
595,e
596,l
597,l
598, 
599,m
600,e
601, 
602,a
603,b
604,o
605,u
606,t
607, 
608,g
609,l
610,o
611,b
612,.
613,.
614,.
615,"
"
616,6
617,0
618,8
619,9
620, 
621, 
622,m
623,a
624,n
625, 
626,m
627,a
628,d
629,e
630, 
631,g
632,l
633,o
634,b
635,a
636,l
637, 
638,w
639,a
640,r
641,m
642,i
643,n
644,g
645, 
646,a
647, 
648,h
649,a
650,i
651,r
652, 
653,b
654,r
655,a
656,i
657,n
658,e
659,d
660, 
661,t
662,h
663,e
664,o
665,r
666,y
667, 
668,.
669,.
670,.
671,"
"
672,"
"
673,[
674,6
675,0
676,9
677,0
678, 
679,r
680,o
681,w
682,s
683, 
684,x
685, 
686,1
687, 
688,c
689,o
690,l
691,u
692,m
693,n
694,s
695,]
